backbone,mode,port,params_m,flops_g,best_epoch,macro_precision,macro_recall,macro_f1,weighted_precision,weighted_recall,weighted_f1,normal_precision,normal_recall,normal_f1,normal_support,lowvis_precision,lowvis_recall,lowvis_f1,lowvis_support,seafog_precision,seafog_recall,seafog_f1,seafog_support,aber_normal_to_lowvis,aber_normal_to_seafog,aber_lowvis_to_normal,aber_lowvis_to_seafog,aber_seafog_to_lowvis,aber_seafog_to_normal
convnext,base,daesan,87.57,80.22,9,0.9143676812647872,0.9088888888888887,0.909791452991453,0.9143676812647872,0.9088888888888887,0.909791452991453,0.909967845659164,0.9433333333333334,0.9263502454991815,600,0.8369230769230769,0.9066666666666666,0.8704,600,0.9962121212121212,0.8766666666666667,0.9326241134751772,600,0.0566666666666666,0.0,0.09,0.0033333333333333,0.12,0.0033333333333333
convnext,base,gunsan,87.57,80.22,3,0.8834526019820436,0.8777777777777778,0.8784571325894724,0.8834526019820436,0.8777777777777778,0.8784571325894723,0.9539347408829176,0.8283333333333334,0.8867082961641392,600,0.7978723404255319,0.875,0.834658187599364,600,0.8985507246376812,0.93,0.914004914004914,600,0.1533333333333333,0.0183333333333333,0.0383333333333333,0.0866666666666666,0.0683333333333333,0.0016666666666666
convnext,base,yeosu,87.57,80.22,1,0.8393941871115228,0.755,0.7287706529969268,0.8393941871115228,0.755,0.7287706529969268,0.9717607973421928,0.975,0.9733777038269552,600,0.5809045226130654,0.9633333333333334,0.7247648902821316,600,0.9655172413793104,0.3266666666666666,0.4881693648816936,600,0.0216666666666666,0.0033333333333333,0.0283333333333333,0.0083333333333333,0.6733333333333333,0.0
convnext,base,haeundae,87.57,80.22,9,0.7910846836229211,0.7799999999999999,0.7736098548244725,0.7910846836229211,0.78,0.7736098548244725,0.8734835355285961,0.84,0.8564146134239592,600,0.7035175879396985,0.9333333333333332,0.8022922636103151,600,0.7962529274004684,0.5666666666666667,0.6621226874391432,600,0.0733333333333333,0.0866666666666666,0.0083333333333333,0.0583333333333333,0.32,0.1133333333333333
convnext,typeA_11,daesan,88.87,81.97,1,0.905348322433438,0.9,0.8995398991936395,0.905348322433438,0.9,0.8995398991936395,0.8319088319088319,0.9733333333333334,0.8970814132104454,600,0.8947368421052632,0.7933333333333333,0.8409893992932862,600,0.9893992932862192,0.9333333333333332,0.9605488850771868,600,0.0266666666666666,0.0,0.1966666666666666,0.01,0.0666666666666666,0.0
convnext,typeA_11,gunsan,88.87,81.97,13,0.821076931684298,0.791111111111111,0.7868687807469651,0.8210769316842981,0.7911111111111111,0.7868687807469651,0.94579945799458,0.5816666666666667,0.7203302373581011,600,0.6701030927835051,0.8666666666666667,0.7558139534883721,600,0.8473282442748091,0.925,0.8844621513944223,600,0.3516666666666667,0.0666666666666666,0.0333333333333333,0.1,0.075,0.0
convnext,typeA_11,yeosu,88.87,81.97,4,0.854469293896878,0.7727777777777778,0.7535423843787666,0.8544692938968779,0.7727777777777778,0.7535423843787667,0.9829642248722316,0.9616666666666668,0.9721988205560236,600,0.5977596741344195,0.9783333333333334,0.7420986093552465,600,0.9826839826839828,0.3783333333333333,0.54632972322503,600,0.0383333333333333,0.0,0.015,0.0066666666666666,0.62,0.0016666666666666
convnext,typeA_11,haeundae,88.87,81.97,5,0.7774180414778518,0.7633333333333333,0.7486772073242695,0.7774180414778519,0.7633333333333333,0.7486772073242693,0.8185975609756098,0.895,0.8550955414012739,600,0.6933667083854819,0.9233333333333332,0.7919942816297355,600,0.8202898550724638,0.4716666666666667,0.5989417989417989,600,0.055,0.05,0.0233333333333333,0.0533333333333333,0.3533333333333333,0.175
convnext,typeA_3,daesan,86.85,79.24,2,0.9314023701484992,0.9305555555555556,0.9304596216691168,0.9314023701484992,0.9305555555555556,0.9304596216691168,0.8935837245696401,0.9516666666666668,0.9217110573042776,600,0.9175438596491228,0.8716666666666667,0.8940170940170941,600,0.9830795262267344,0.9683333333333334,0.9756507136859782,600,0.0483333333333333,0.0,0.1116666666666666,0.0166666666666666,0.03,0.0016666666666666
convnext,typeA_3,gunsan,86.85,79.24,14,0.8841819641657404,0.8783333333333333,0.8787740023994032,0.8841819641657404,0.8783333333333333,0.8787740023994032,0.9534883720930232,0.82,0.8817204301075269,600,0.8087349397590361,0.895,0.8496835443037974,600,0.8903225806451613,0.92,0.9049180327868852,600,0.14,0.04,0.0316666666666666,0.0733333333333333,0.0716666666666666,0.0083333333333333
convnext,typeA_3,yeosu,86.85,79.24,2,0.8191116258911036,0.7266666666666667,0.6884408965591785,0.8191116258911036,0.7266666666666667,0.6884408965591787,0.9797979797979798,0.97,0.9748743718592964,600,0.5530085959885387,0.965,0.7030965391621129,600,0.9245283018867924,0.245,0.3873517786561264,600,0.025,0.005,0.02,0.015,0.755,0.0
convnext,typeA_3,haeundae,86.85,79.24,20,0.7455686507844216,0.7277777777777779,0.7069911792739475,0.7455686507844217,0.7277777777777777,0.7069911792739475,0.8387096774193549,0.8666666666666667,0.8524590163934426,600,0.6381278538812786,0.9316666666666666,0.7574525745257452,600,0.7598684210526315,0.385,0.5110619469026548,600,0.0683333333333333,0.065,0.0116666666666666,0.0566666666666666,0.46,0.155
convnext,typeA_7,daesan,87.57,80.22,10,0.920953414303798,0.918888888888889,0.9191713361875956,0.9209534143037978,0.9188888888888888,0.9191713361875956,0.8913043478260869,0.9566666666666668,0.9228295819935692,600,0.8840336134453781,0.8766666666666667,0.8803347280334728,600,0.9875222816399288,0.9233333333333332,0.954349698535745,600,0.0433333333333333,0.0,0.1116666666666666,0.0116666666666666,0.0716666666666666,0.005
convnext,typeA_7,gunsan,87.57,80.22,2,0.897754287272987,0.89,0.8916073490471411,0.8977542872729868,0.89,0.8916073490471411,0.9387040280210156,0.8933333333333333,0.915456874466268,600,0.7933042212518195,0.9083333333333332,0.846930846930847,600,0.9612546125461254,0.8683333333333333,0.9124343257443084,600,0.1066666666666666,0.0,0.0566666666666666,0.035,0.13,0.0016666666666666
convnext,typeA_7,yeosu,87.57,80.22,19,0.79426194666121,0.7461111111111111,0.7298124296497535,0.7942619466612101,0.7461111111111111,0.7298124296497535,0.9312,0.97,0.950204081632653,600,0.5812154696132596,0.8766666666666667,0.6990033222591362,600,0.8703703703703703,0.3916666666666666,0.5402298850574713,600,0.0283333333333333,0.0016666666666666,0.0666666666666666,0.0566666666666666,0.6033333333333334,0.005
convnext,typeA_7,haeundae,87.57,80.22,17,0.7536626001433259,0.7388888888888889,0.720613083218835,0.7536626001433259,0.7388888888888889,0.7206130832188349,0.810641627543036,0.8633333333333333,0.8361581920903954,600,0.6670644391408115,0.9316666666666666,0.7774687065368567,600,0.7832817337461301,0.4216666666666667,0.5482123510292525,600,0.0766666666666666,0.06,0.0116666666666666,0.0566666666666666,0.3883333333333333,0.19
efficientnet,base,daesan,52.86,27.24,5,0.9224888732168326,0.92,0.9205173344224156,0.9224888732168328,0.92,0.9205173344224152,0.8904538341158059,0.9483333333333334,0.9184826472962068,600,0.8805970149253731,0.885,0.8827930174563591,600,0.996415770609319,0.9266666666666666,0.9602763385146804,600,0.0516666666666666,0.0,0.1116666666666666,0.0033333333333333,0.0683333333333333,0.005
efficientnet,base,gunsan,52.86,27.24,13,0.6774306189419349,0.6655555555555556,0.6686009703168243,0.677430618941935,0.6655555555555556,0.6686009703168242,0.6325411334552102,0.5766666666666667,0.6033129904097646,600,0.8376865671641791,0.7483333333333333,0.7904929577464789,600,0.5620641562064156,0.6716666666666666,0.6119969627942293,600,0.0966666666666666,0.3266666666666666,0.055,0.1966666666666666,0.0483333333333333,0.28
efficientnet,base,yeosu,52.86,27.24,2,0.8272221088062087,0.7383333333333333,0.7119273569959677,0.8272221088062085,0.7383333333333333,0.7119273569959677,0.9256329113924052,0.975,0.9496753246753248,600,0.566289825282631,0.9183333333333332,0.7005721551176096,600,0.9897435897435898,0.3216666666666666,0.4855345911949685,600,0.025,0.0,0.0783333333333333,0.0033333333333333,0.6783333333333333,0.0
mobilenet,base,daesan,4.21,1.11,10,0.927592468528291,0.9222222222222222,0.9228824167473744,0.9275924685282912,0.9222222222222224,0.9228824167473744,0.9684601113172542,0.87,0.9165935030728708,600,0.843426883308715,0.9516666666666668,0.894283476898982,600,0.9708904109589042,0.945,0.9577702702702704,600,0.1216666666666666,0.0083333333333333,0.0283333333333333,0.02,0.055,0.0
mobilenet,base,gunsan,4.21,1.11,9,0.828517074366113,0.8133333333333334,0.81087024486462,0.8285170743661129,0.8133333333333334,0.8108702448646199,0.9320843091334896,0.6633333333333333,0.7750730282375852,600,0.7463976945244957,0.8633333333333333,0.8006182380216383,600,0.8070692194403535,0.9133333333333332,0.8569194683346364,600,0.24,0.0966666666666666,0.015,0.1216666666666666,0.0533333333333333,0.0333333333333333
mobilenet,base,yeosu,4.21,1.11,2,0.8366673505175286,0.7238888888888889,0.6952433046866068,0.8366673505175287,0.7238888888888889,0.6952433046866067,0.9666666666666668,0.9183333333333332,0.941880341880342,600,0.5491493383742911,0.9683333333333334,0.7008443908323281,600,0.994186046511628,0.285,0.4430051813471503,600,0.0816666666666666,0.0,0.03,0.0016666666666666,0.7133333333333334,0.0016666666666666
mobilenet,base,haeundae,4.21,1.11,2,0.7453478470623794,0.7216666666666667,0.6900383792715762,0.7453478470623794,0.7216666666666667,0.6900383792715761,0.8229166666666666,0.9216666666666666,0.8694968553459119,600,0.6271186440677966,0.925,0.7474747474747475,600,0.7860082304526749,0.3183333333333333,0.4531435349940688,600,0.0366666666666666,0.0416666666666666,0.03,0.045,0.5133333333333333,0.1683333333333333
xception,base,daesan,20.81,24.15,12,0.8927824995008464,0.8849999999999999,0.884930167495745,0.8927824995008464,0.885,0.8849301674957449,0.7949438202247191,0.9433333333333334,0.8628048780487805,600,0.9025341130604289,0.7716666666666666,0.8319856244384546,600,0.9808695652173912,0.94,0.96,600,0.0566666666666666,0.0,0.21,0.0183333333333333,0.0266666666666666,0.0333333333333333
xception,base,gunsan,20.81,24.15,5,0.9000721888630867,0.8955555555555555,0.8946450036892154,0.9000721888630868,0.8955555555555555,0.8946450036892154,0.8454810495626822,0.9666666666666668,0.9020217729393468,600,0.939453125,0.8016666666666666,0.8651079136690647,600,0.915282392026578,0.9183333333333332,0.9168053244592346,600,0.0333333333333333,0.0,0.1133333333333333,0.085,0.0183333333333333,0.0633333333333333
xception,base,yeosu,20.81,24.15,2,0.8363353003455085,0.7366666666666667,0.7062629545588813,0.8363353003455085,0.7366666666666667,0.7062629545588813,0.9585406301824212,0.9633333333333334,0.9609310058187864,600,0.5617647058823529,0.955,0.7074074074074074,600,0.9887005649717514,0.2916666666666667,0.4504504504504504,600,0.0366666666666666,0.0,0.0416666666666666,0.0033333333333333,0.7083333333333334,0.0
xception,base,haeundae,20.81,24.15,7,0.6882620075406848,0.67,0.6237770524928746,0.6882620075406848,0.67,0.6237770524928746,0.8183206106870229,0.8933333333333333,0.8541832669322709,600,0.5671175858480749,0.9083333333333332,0.6982703395259449,600,0.6793478260869565,0.2083333333333333,0.3188775510204081,600,0.0583333333333333,0.0483333333333333,0.0416666666666666,0.05,0.635,0.1566666666666666
convnext,typeA_15,daesan,90.75,84.66,16,0.9240204649585538,0.9227777777777778,0.9231522757028142,0.9240204649585538,0.9227777777777778,0.9231522757028142,0.9003215434083601,0.9333333333333332,0.9165302782324058,600,0.8839137645107794,0.8883333333333333,0.8861180382377389,600,0.9878260869565216,0.9466666666666668,0.966808510638298,600,0.0666666666666666,0.0,0.1,0.0116666666666666,0.05,0.0033333333333333
convnext,typeA_15,gunsan,90.75,-1.0,6,0.7903452486112501,0.7683333333333332,0.7597767375003984,0.7903452486112501,0.7683333333333333,0.7597767375003985,0.9010989010989012,0.5466666666666666,0.6804979253112033,600,0.7386706948640483,0.815,0.7749603803486529,600,0.7312661498708011,0.9433333333333334,0.8238719068413392,600,0.2366666666666666,0.2166666666666666,0.055,0.13,0.0516666666666666,0.005
convnext,typeA_15,yeosu,90.75,-1.0,7,0.7976071711596862,0.7388888888888889,0.718208945614539,0.7976071711596862,0.7388888888888889,0.718208945614539,0.9173166926677068,0.98,0.9476228847703464,600,0.5717391304347826,0.8766666666666667,0.6921052631578948,600,0.9037656903765692,0.36,0.5148986889153755,600,0.02,0.0,0.085,0.0383333333333333,0.6366666666666667,0.0033333333333333
convnext,typeA_15,haeundae,90.75,-1.0,2,0.7704612832535389,0.7555555555555555,0.7421825132310116,0.770461283253539,0.7555555555555555,0.7421825132310116,0.8423566878980892,0.8816666666666667,0.8615635179153095,600,0.6707317073170732,0.9166666666666666,0.7746478873239436,600,0.7982954545454546,0.4683333333333333,0.5903361344537815,600,0.0533333333333333,0.065,0.03,0.0533333333333333,0.3966666666666666,0.135
efficientnet,typeA_11,daesan,60.14,-1.0,8,0.9120470071007496,0.9072222222222224,0.9065181522823484,0.9120470071007496,0.9072222222222224,0.9065181522823484,0.8338150289017341,0.9616666666666668,0.8931888544891641,600,0.9226305609284332,0.795,0.8540734109221128,600,0.9796954314720812,0.965,0.9722921914357684,600,0.0316666666666666,0.0066666666666666,0.1916666666666666,0.0133333333333333,0.035,0.0
efficientnet,typeA_11,gunsan,60.14,-1.0,17,0.7931169541736195,0.7483333333333334,0.7269573865785293,0.7931169541736194,0.7483333333333333,0.7269573865785294,0.9427480916030534,0.4116666666666667,0.5730858468677494,600,0.7532097004279601,0.88,0.8116833205226749,600,0.6833930704898447,0.9533333333333334,0.7961029923451636,600,0.2433333333333333,0.345,0.0233333333333333,0.0966666666666666,0.045,0.0016666666666666
efficientnet,typeA_11,yeosu,60.14,-1.0,4,0.8039963700904664,0.7361111111111112,0.7226647318505535,0.8039963700904663,0.7361111111111112,0.7226647318505535,0.8556547619047619,0.9583333333333334,0.9040880503144654,600,0.5720823798627003,0.8333333333333334,0.6784260515603799,600,0.984251968503937,0.4166666666666667,0.585480093676815,600,0.0416666666666666,0.0,0.16,0.0066666666666666,0.5816666666666667,0.0016666666666666
efficientnet,typeA_11,haeundae,60.14,-1.0,8,0.7307363595935339,0.7072222222222222,0.680635320606076,0.7307363595935339,0.7072222222222222,0.680635320606076,0.8368,0.8716666666666667,0.8538775510204082,600,0.606359649122807,0.9216666666666666,0.7314814814814815,600,0.7490494296577946,0.3283333333333333,0.4565469293163383,600,0.0633333333333333,0.065,0.0333333333333333,0.045,0.535,0.1366666666666666
efficientnet,typeA_15,daesan,66.91,-1.0,23,0.8887840730559738,0.8827777777777778,0.8843981416288141,0.8887840730559737,0.8827777777777778,0.8843981416288142,0.8691437802907916,0.8966666666666666,0.8826907301066448,600,0.8027950310559007,0.8616666666666667,0.8311897106109325,600,0.994413407821229,0.89,0.9393139841688656,600,0.1033333333333333,0.0,0.1333333333333333,0.005,0.1083333333333333,0.0016666666666666
efficientnet,typeA_15,gunsan,66.91,-1.0,21,0.2068967836080345,0.2661111111111111,0.2235792369589403,0.2068967836080346,0.2661111111111111,0.2235792369589403,0.2191894127377998,0.4416666666666666,0.29297954671089,600,0.0,0.0,0.0,600,0.4015009380863039,0.3566666666666667,0.3777581641659311,600,0.075,0.4833333333333333,0.9516666666666668,0.0483333333333333,0.0216666666666666,0.6216666666666667
efficientnet,typeA_15,yeosu,66.91,-1.0,17,0.8147859961231741,0.7583333333333333,0.7468333553934858,0.814785996123174,0.7583333333333333,0.7468333553934859,0.9106858054226477,0.9516666666666668,0.930725346373268,600,0.594170403587444,0.8833333333333333,0.710455764075067,600,0.9395017793594306,0.44,0.5993189557321226,600,0.0483333333333333,0.0,0.0883333333333333,0.0283333333333333,0.555,0.005
efficientnet,typeA_15,haeundae,66.91,-1.0,1,0.6949319827205415,0.6711111111111112,0.6533701169719709,0.6949319827205414,0.6711111111111111,0.6533701169719709,0.8316151202749141,0.8066666666666666,0.8189509306260575,600,0.5631808278867102,0.8616666666666667,0.6811594202898551,600,0.69,0.345,0.46,600,0.1,0.0933333333333333,0.0766666666666666,0.0616666666666666,0.5683333333333334,0.0866666666666666
efficientnet,typeA_3,daesan,52.86,-1.0,5,0.9114064147899996,0.9038888888888889,0.9053687758542512,0.9114064147899992,0.9038888888888889,0.9053687758542512,0.917922948073702,0.9133333333333332,0.9156223893065998,600,0.8162962962962963,0.9183333333333332,0.864313725490196,600,1.0,0.88,0.9361702127659576,600,0.0866666666666666,0.0,0.0816666666666666,0.0,0.12,0.0
efficientnet,typeA_3,gunsan,52.86,-1.0,6,0.8146408072527752,0.7988888888888889,0.7955718283739626,0.8146408072527753,0.7988888888888889,0.7955718283739626,0.8741258741258742,0.8333333333333334,0.8532423208191127,600,0.8587699316628702,0.6283333333333333,0.7256977863330125,600,0.7110266159695817,0.935,0.8077753779697624,600,0.0633333333333333,0.1033333333333333,0.095,0.2766666666666666,0.04,0.025
efficientnet,typeA_3,yeosu,52.86,-1.0,12,0.8005652301597662,0.7383333333333333,0.7184904323377266,0.8005652301597661,0.7383333333333333,0.7184904323377264,0.9260450160771704,0.96,0.9427168576104746,600,0.5718849840255591,0.895,0.6978557504873294,600,0.9037656903765692,0.36,0.5148986889153755,600,0.0316666666666666,0.0083333333333333,0.075,0.03,0.6383333333333333,0.0016666666666666
efficientnet,typeA_3,haeundae,52.86,-1.0,1,0.7208588114263278,0.686111111111111,0.6643549971414023,0.7208588114263278,0.6861111111111111,0.6643549971414023,0.8607594936708861,0.7933333333333333,0.8256721595836947,600,0.5755395683453237,0.9333333333333332,0.7120152574698029,600,0.7262773722627737,0.3316666666666666,0.4553775743707093,600,0.1333333333333333,0.0733333333333333,0.015,0.0516666666666666,0.555,0.1133333333333333
efficientnet,typeA_7,daesan,55.46,-1.0,5,0.909129637246484,0.9055555555555556,0.9057053748777568,0.909129637246484,0.9055555555555556,0.9057053748777568,0.8531157270029673,0.9583333333333334,0.902668759811617,600,0.8831858407079646,0.8316666666666667,0.8566523605150215,600,0.9910873440285204,0.9266666666666666,0.9577950043066322,600,0.0383333333333333,0.0033333333333333,0.1633333333333333,0.005,0.0716666666666666,0.0016666666666666
efficientnet,typeA_7,gunsan,55.46,-1.0,4,0.8422441412810376,0.8316666666666667,0.8300882632285393,0.8422441412810376,0.8316666666666667,0.8300882632285393,0.9276315789473684,0.705,0.8011363636363636,600,0.7569955817378498,0.8566666666666667,0.8037529319781079,600,0.8421052631578947,0.9333333333333332,0.8853754940711462,600,0.2233333333333333,0.0716666666666666,0.04,0.1033333333333333,0.0516666666666666,0.015
efficientnet,typeA_7,yeosu,55.46,-1.0,6,0.8426879627984899,0.7505555555555555,0.7334649010065822,0.8426879627984898,0.7505555555555555,0.7334649010065823,0.9750889679715302,0.9133333333333332,0.9432013769363168,600,0.575098814229249,0.97,0.7220843672456576,600,0.9778761061946902,0.3683333333333333,0.5351089588377724,600,0.085,0.0016666666666666,0.0233333333333333,0.0066666666666666,0.6316666666666667,0.0
efficientnet,typeA_7,haeundae,55.46,-1.0,2,0.7456460713203173,0.7294444444444445,0.7156740742278996,0.7456460713203173,0.7294444444444445,0.7156740742278996,0.8325123152709359,0.845,0.8387096774193549,600,0.6414201183431952,0.9033333333333332,0.7501730103806228,600,0.7630057803468208,0.44,0.5581395348837209,600,0.0816666666666666,0.0733333333333333,0.0333333333333333,0.0633333333333333,0.4233333333333333,0.1366666666666666
xception,typeA_3,daesan,20.81,-1.0,7,0.8988357979433278,0.8955555555555555,0.895397703937053,0.8988357979433277,0.8955555555555555,0.8953977039370529,0.8421828908554573,0.9516666666666668,0.8935837245696401,600,0.8754512635379061,0.8083333333333333,0.8405545927209706,600,0.9788732394366196,0.9266666666666666,0.952054794520548,600,0.0483333333333333,0.0,0.1716666666666666,0.02,0.0666666666666666,0.0066666666666666
xception,typeA_3,gunsan,20.81,-1.0,9,0.8878335129789198,0.8883333333333333,0.8879085841389185,0.8878335129789197,0.8883333333333333,0.8879085841389186,0.8960396039603961,0.905,0.900497512437811,600,0.8630849220103987,0.83,0.8462192013593883,600,0.9043760129659644,0.93,0.9170090386195564,600,0.075,0.02,0.0916666666666666,0.0783333333333333,0.0566666666666666,0.0133333333333333
xception,typeA_3,yeosu,20.81,-1.0,14,0.7995279783801886,0.7433333333333333,0.7238045570541097,0.7995279783801885,0.7433333333333333,0.7238045570541097,0.9130434782608696,0.98,0.945337620578778,600,0.5786578657865786,0.8766666666666667,0.6971504307488403,600,0.9068825910931174,0.3733333333333333,0.5289256198347108,600,0.0116666666666666,0.0083333333333333,0.0933333333333333,0.03,0.6266666666666667,0.0
xception,typeA_3,haeundae,20.81,-1.0,2,0.7835819784707709,0.7677777777777779,0.7585397992567678,0.7835819784707708,0.7677777777777778,0.758539799256768,0.8703403565640194,0.895,0.8824979457682827,600,0.6687344913151365,0.8983333333333333,0.7667140825035562,600,0.8116710875331565,0.51,0.6264073694984647,600,0.0683333333333333,0.0366666666666666,0.02,0.0816666666666666,0.3766666666666666,0.1133333333333333
xception,typeA_7,daesan,21.74,-1.0,11,0.8855464853094194,0.8727777777777778,0.8749192255151911,0.8855464853094193,0.8727777777777778,0.8749192255151911,0.9076923076923076,0.885,0.8962025316455696,600,0.7647887323943662,0.905,0.8290076335877863,600,0.984158415841584,0.8283333333333334,0.8995475113122172,600,0.115,0.0,0.0816666666666666,0.0133333333333333,0.1633333333333333,0.0083333333333333
xception,typeA_7,gunsan,21.74,-1.0,6,0.3867055296915775,0.3794444444444444,0.3012901809966569,0.3867055296915775,0.3794444444444444,0.3012901809966569,0.3456624075319435,0.8566666666666667,0.492573071394346,600,0.1392405063291139,0.0183333333333333,0.03240058910162,600,0.6752136752136753,0.2633333333333333,0.3788968824940047,600,0.0483333333333333,0.095,0.95,0.0316666666666666,0.065,0.6716666666666666
xception,typeA_7,yeosu,21.74,-1.0,9,0.7943744788795667,0.7294444444444445,0.7061197409020057,0.7943744788795667,0.7294444444444445,0.7061197409020057,0.8966565349544073,0.9833333333333332,0.9379968203497616,600,0.5630434782608695,0.8633333333333333,0.6815789473684211,600,0.9234234234234234,0.3416666666666667,0.4987834549878345,600,0.015,0.0016666666666666,0.11,0.0266666666666666,0.655,0.0033333333333333
xception,typeA_7,haeundae,21.74,-1.0,3,0.7014729963305769,0.6805555555555555,0.6480672578847076,0.7014729963305769,0.6805555555555556,0.6480672578847075,0.7455089820359282,0.83,0.7854889589905363,600,0.6152125279642058,0.9166666666666666,0.7362784471218207,600,0.7436974789915967,0.295,0.4224343675417661,600,0.1083333333333333,0.0616666666666666,0.0433333333333333,0.04,0.465,0.24
xception,typeA_11,daesan,23.39,-1.0,3,0.8812182459460924,0.8777777777777778,0.877538128974885,0.8812182459460925,0.8777777777777778,0.877538128974885,0.8118518518518518,0.9133333333333332,0.8596078431372549,600,0.8876404494382022,0.79,0.8359788359788359,600,0.9441624365482234,0.93,0.9370277078085644,600,0.0516666666666666,0.035,0.19,0.02,0.0483333333333333,0.0216666666666666
xception,typeA_11,gunsan,23.39,-1.0,23,0.7157527072102278,0.7133333333333333,0.7118032668417399,0.7157527072102278,0.7133333333333334,0.7118032668417399,0.7395626242544732,0.62,0.6745240253853128,600,0.7184466019417476,0.74,0.729064039408867,600,0.6892488954344624,0.78,0.7318217357310399,600,0.1183333333333333,0.2616666666666666,0.17,0.09,0.1716666666666666,0.0483333333333333
xception,typeA_11,yeosu,23.39,-1.0,2,0.7895019079642015,0.7011111111111111,0.6817310253385598,0.7895019079642014,0.7011111111111111,0.6817310253385598,0.8431372549019608,0.9316666666666666,0.885193982581156,600,0.534983853606028,0.8283333333333334,0.6500981033355134,600,0.9903846153846154,0.3433333333333333,0.5099009900990099,600,0.0683333333333333,0.0,0.1683333333333333,0.0033333333333333,0.6516666666666666,0.005
xception,typeA_11,haeundae,23.39,-1.0,1,0.7149338012542126,0.6927777777777777,0.6705620520697253,0.7149338012542126,0.6927777777777778,0.6705620520697254,0.8322884012539185,0.885,0.8578352180936996,600,0.5796610169491525,0.855,0.6909090909090909,600,0.7328519855595668,0.3383333333333333,0.4629418472063854,600,0.0583333333333333,0.0566666666666666,0.0783333333333333,0.0666666666666666,0.5616666666666666,0.1
xception,typeA_15,daesan,25.79,-1.0,6,0.902337119728424,0.8944444444444444,0.8960703379308032,0.9023371197284242,0.8944444444444445,0.896070337930803,0.9297297297297298,0.86,0.8935064935064935,600,0.7971014492753623,0.9166666666666666,0.8527131782945736,600,0.9801801801801802,0.9066666666666666,0.941991341991342,600,0.14,0.0,0.065,0.0183333333333333,0.0933333333333333,0.0
xception,typeA_15,gunsan,25.79,-1.0,11,0.5860841458978712,0.5905555555555556,0.5763962786432854,0.5860841458978712,0.5905555555555555,0.5763962786432855,0.5159362549800797,0.4316666666666666,0.47005444646098,600,0.6269315673289183,0.4733333333333333,0.5394112060778727,600,0.6153846153846154,0.8666666666666667,0.7197231833910035,600,0.22,0.3483333333333333,0.3333333333333333,0.1933333333333333,0.0616666666666666,0.0716666666666666
xception,typeA_15,yeosu,25.79,-1.0,8,0.7483926802498165,0.6644444444444444,0.6455580548933749,0.7483926802498165,0.6644444444444444,0.6455580548933748,0.7583444592790387,0.9466666666666668,0.8421052631578947,600,0.501187648456057,0.7033333333333334,0.5852981969486823,600,0.985645933014354,0.3433333333333333,0.5092707045735476,600,0.0533333333333333,0.0,0.2916666666666667,0.005,0.6466666666666666,0.01
xception,typeA_15,haeundae,25.79,-1.0,12,0.7050004298369394,0.6761111111111111,0.6455933561999022,0.7050004298369392,0.6761111111111111,0.6455933561999023,0.8482758620689655,0.82,0.8338983050847457,600,0.5692464358452138,0.9316666666666666,0.706700379266751,600,0.6974789915966386,0.2766666666666666,0.39618138424821,600,0.11,0.07,0.0183333333333333,0.05,0.595,0.1283333333333333
mobilenet,typeA_3,daesan,4.16,-1.0,4,0.9220057830847372,0.9194444444444446,0.9189227094912475,0.9220057830847372,0.9194444444444444,0.9189227094912474,0.8607784431137725,0.9583333333333334,0.9069400630914828,600,0.9253731343283582,0.8266666666666667,0.8732394366197183,600,0.9798657718120806,0.9733333333333334,0.9765886287625418,600,0.0416666666666666,0.0,0.1533333333333333,0.02,0.025,0.0016666666666666
mobilenet,typeA_3,gunsan,4.16,-1.0,2,0.8742718748055859,0.8711111111111111,0.8700818026258231,0.8742718748055859,0.8711111111111111,0.870081802625823,0.9298245614035088,0.795,0.8571428571428571,600,0.8019169329073482,0.8366666666666667,0.8189233278955954,600,0.8910741301059002,0.9816666666666668,0.9341792228390168,600,0.1883333333333333,0.0166666666666666,0.06,0.1033333333333333,0.0183333333333333,0.0
mobilenet,typeA_3,yeosu,4.16,-1.0,3,0.8406711766574521,0.7833333333333333,0.7688998688054737,0.840671176657452,0.7833333333333333,0.7688998688054737,0.9607843137254902,0.98,0.9702970297029704,600,0.6159737417943107,0.9383333333333334,0.7437252311756936,600,0.9452554744525548,0.4316666666666666,0.5926773455377574,600,0.02,0.0,0.0366666666666666,0.025,0.565,0.0033333333333333
mobilenet,typeA_3,haeundae,4.16,-1.0,1,0.7715449527215746,0.7444444444444445,0.7209982663906933,0.7715449527215748,0.7444444444444445,0.7209982663906932,0.8108882521489972,0.9433333333333334,0.8721109399075501,600,0.6533816425120773,0.9016666666666666,0.757703081232493,600,0.8503649635036497,0.3883333333333333,0.5331807780320366,600,0.0416666666666666,0.015,0.045,0.0533333333333333,0.4366666666666666,0.175
mobilenet,typeA_7,daesan,4.36,-1.0,17,0.9178916062777472,0.916111111111111,0.9166659904541522,0.9178916062777472,0.9161111111111112,0.9166659904541522,0.9180887372013652,0.8966666666666666,0.9072512647554806,600,0.8562401263823065,0.9033333333333332,0.8791565287915653,600,0.9793459552495696,0.9483333333333334,0.9635901778154108,600,0.1,0.0033333333333333,0.08,0.0166666666666666,0.0516666666666666,0.0
mobilenet,typeA_7,gunsan,4.36,-1.0,4,0.8465447778562782,0.8216666666666667,0.8205901323153517,0.8465447778562782,0.8216666666666667,0.8205901323153517,0.8912579957356077,0.6966666666666667,0.7820392890551918,600,0.9342629482071712,0.7816666666666666,0.8511796733212341,600,0.7141133896260555,0.9866666666666668,0.8285514345696291,600,0.0416666666666666,0.2616666666666666,0.085,0.1333333333333333,0.0133333333333333,0.0
mobilenet,typeA_7,yeosu,4.36,-1.0,7,0.8340045040636896,0.7572222222222221,0.7375471004547459,0.8340045040636894,0.7572222222222222,0.7375471004547458,0.9328,0.9716666666666668,0.9518367346938776,600,0.5866807610993657,0.925,0.7179818887451488,600,0.982532751091703,0.375,0.5428226779252111,600,0.0283333333333333,0.0,0.0683333333333333,0.0066666666666666,0.6233333333333333,0.0016666666666666
mobilenet,typeA_7,haeundae,4.36,-1.0,1,0.7306227644754228,0.7116666666666666,0.6882685932989417,0.730622764475423,0.7116666666666667,0.6882685932989416,0.8284789644012945,0.8533333333333334,0.8407224958949097,600,0.6212290502793296,0.9266666666666666,0.7438127090301003,600,0.7421602787456446,0.355,0.4802705749718151,600,0.075,0.0716666666666666,0.0216666666666666,0.0516666666666666,0.49,0.155
mobilenet,typeA_11,daesan,4.72,-1.0,8,0.915901249424698,0.9138888888888888,0.9145063105433188,0.915901249424698,0.9138888888888888,0.9145063105433188,0.8980582524271845,0.925,0.9113300492610836,600,0.862012987012987,0.885,0.8733552631578947,600,0.9876325088339224,0.9316666666666666,0.9588336192109777,600,0.0733333333333333,0.0016666666666666,0.105,0.01,0.0683333333333333,0.0
mobilenet,typeA_11,gunsan,4.72,-1.0,16,0.8001669057122349,0.7411111111111112,0.7310850302709512,0.8001669057122348,0.7411111111111112,0.7310850302709512,0.9306930693069309,0.47,0.6245847176079734,600,0.8532110091743119,0.775,0.8122270742358079,600,0.6165966386554622,0.9783333333333334,0.7564432989690721,600,0.1116666666666666,0.4183333333333333,0.035,0.19,0.0216666666666666,0.0
mobilenet,typeA_11,yeosu,4.72,-1.0,1,0.856849844420014,0.8288888888888888,0.8330155419272657,0.856849844420014,0.8288888888888889,0.8330155419272657,0.9689320388349516,0.8316666666666667,0.895067264573991,600,0.6834170854271356,0.9066666666666666,0.7793696275071633,600,0.918200408997955,0.7483333333333333,0.8246097337006428,600,0.1683333333333333,0.0,0.0266666666666666,0.0666666666666666,0.2516666666666666,0.0
mobilenet,typeA_11,haeundae,4.72,-1.0,2,0.7203269592277081,0.7027777777777778,0.6820703391448345,0.7203269592277082,0.7027777777777777,0.6820703391448345,0.8501742160278746,0.8133333333333334,0.8313458262350937,600,0.6117775354416576,0.935,0.7396176664469347,600,0.6990291262135923,0.36,0.4752475247524752,600,0.085,0.1016666666666666,0.0116666666666666,0.0533333333333333,0.5083333333333333,0.1316666666666666
mobilenet,typeA_15,daesan,5.24,-1.0,11,0.9078733960030364,0.8905555555555557,0.8930233776715504,0.9078733960030364,0.8905555555555555,0.8930233776715504,0.9538745387453874,0.8616666666666667,0.9054290718038528,600,0.7697456492637216,0.9583333333333334,0.8537490720118782,600,1.0,0.8516666666666667,0.91989198919892,600,0.1383333333333333,0.0,0.0416666666666666,0.0,0.1483333333333333,0.0
mobilenet,typeA_15,gunsan,5.24,-1.0,15,0.8043847416303801,0.773888888888889,0.7666188726484923,0.8043847416303801,0.7738888888888888,0.7666188726484922,0.902439024390244,0.555,0.6873065015479877,600,0.8292682926829268,0.7933333333333333,0.8109028960817717,600,0.6814469078179697,0.9733333333333334,0.8016472203157172,600,0.14,0.305,0.0566666666666666,0.15,0.0233333333333333,0.0033333333333333
mobilenet,typeA_15,yeosu,5.24,-1.0,10,0.7933510982413773,0.7427777777777779,0.7336991515420533,0.7933510982413773,0.7427777777777778,0.7336991515420533,0.8753894080996885,0.9366666666666666,0.9049919484702094,600,0.5823665893271461,0.8366666666666667,0.6867305061559508,600,0.9222972972972971,0.455,0.609375,600,0.0566666666666666,0.0066666666666666,0.1316666666666666,0.0316666666666666,0.5433333333333333,0.0016666666666666
mobilenet,typeA_15,haeundae,5.24,-1.0,2,0.76347161738728,0.7294444444444445,0.7117340020489559,0.7634716173872801,0.7294444444444445,0.7117340020489558,0.8743545611015491,0.8466666666666667,0.8602878916172735,600,0.6153846153846154,0.9466666666666668,0.7458962573867367,600,0.8006756756756757,0.395,0.5290178571428571,600,0.1016666666666666,0.0516666666666666,0.0066666666666666,0.0466666666666666,0.49,0.115
convnext,typeB_7,daesan,88.47,-1.0,5,0.9088658509350354,0.9033333333333332,0.903782205742023,0.9088658509350352,0.9033333333333332,0.903782205742023,0.8437956204379562,0.9633333333333334,0.8996108949416343,600,0.8939130434782608,0.8566666666666667,0.8748936170212765,600,0.9888888888888888,0.89,0.936842105263158,600,0.0366666666666666,0.0,0.1333333333333333,0.01,0.065,0.045
convnext,typeB_7,gunsan,88.47,-1.0,4,0.8889546772656277,0.8850000000000001,0.8856604689598652,0.8889546772656278,0.885,0.8856604689598649,0.9646182495344506,0.8633333333333333,0.911169744942832,600,0.8193343898573693,0.8616666666666667,0.8399675060926076,600,0.8829113924050633,0.93,0.905844155844156,600,0.125,0.0116666666666666,0.0266666666666666,0.1116666666666666,0.065,0.005
convnext,typeB_7,yeosu,88.47,-1.0,1,0.8461085962105953,0.7438888888888889,0.7114689454033764,0.8461085962105954,0.7438888888888889,0.7114689454033764,0.9700996677740864,0.9733333333333334,0.9717138103161398,600,0.5682261208576999,0.9716666666666668,0.7170971709717097,600,1.0,0.2866666666666667,0.4455958549222797,600,0.0266666666666666,0.0,0.0283333333333333,0.0,0.7116666666666667,0.0016666666666666
convnext,typeB_7,haeundae,88.47,-1.0,11,0.7800956171363392,0.775,0.7714956380895334,0.7800956171363393,0.775,0.7714956380895331,0.846551724137931,0.8183333333333334,0.8322033898305085,600,0.7196765498652291,0.89,0.7958271236959762,600,0.7740585774058577,0.6166666666666667,0.686456400742115,600,0.0933333333333333,0.0883333333333333,0.0183333333333333,0.0916666666666666,0.2533333333333333,0.13
convnext,typeB_15,daesan,91.65,-1.0,4,0.9138228206803556,0.9077777777777776,0.907012931017142,0.9138228206803554,0.9077777777777778,0.907012931017142,0.8328611898016998,0.98,0.900459418070444,600,0.9241245136186772,0.7916666666666666,0.8527827648114902,600,0.9844827586206896,0.9516666666666668,0.9677966101694916,600,0.02,0.0,0.1933333333333333,0.015,0.045,0.0033333333333333
convnext,typeB_15,gunsan,91.65,-1.0,7,0.7649301421456945,0.7311111111111112,0.7158049948950628,0.7649301421456945,0.7311111111111112,0.7158049948950629,0.8576271186440678,0.4216666666666667,0.5653631284916201,600,0.6093189964157706,0.85,0.7098121085594989,600,0.8278443113772455,0.9216666666666666,0.8722397476340694,600,0.48,0.0983333333333333,0.0566666666666666,0.0933333333333333,0.065,0.0133333333333333
convnext,typeB_15,yeosu,91.65,-1.0,11,0.7457613956819743,0.7116666666666666,0.6976021071792781,0.7457613956819743,0.7116666666666667,0.6976021071792781,0.8356940509915014,0.9833333333333332,0.903522205206738,600,0.55125,0.735,0.63,600,0.8503401360544217,0.4166666666666667,0.5592841163310962,600,0.0166666666666666,0.0,0.1916666666666666,0.0733333333333333,0.5816666666666667,0.0016666666666666
convnext,typeB_15,haeundae,91.65,-1.0,5,0.745739694125673,0.726111111111111,0.7014525875837556,0.7457396941256731,0.7261111111111112,0.7014525875837557,0.7857142857142857,0.9166666666666666,0.8461538461538461,600,0.6500607533414338,0.8916666666666667,0.7519325368938862,600,0.8014440433212996,0.37,0.5062713797035348,600,0.0333333333333333,0.05,0.0666666666666666,0.0416666666666666,0.4466666666666666,0.1833333333333333
xception,typeB_7,daesan,21.99,-1.0,44,0.9016282689449052,0.8988888888888887,0.8989231857183718,0.9016282689449052,0.8988888888888888,0.8989231857183719,0.8530734632683659,0.9483333333333334,0.8981846882399369,600,0.8747795414462081,0.8266666666666667,0.8500428449014568,600,0.9770318021201412,0.9216666666666666,0.948542024013722,600,0.0483333333333333,0.0033333333333333,0.155,0.0183333333333333,0.07,0.0083333333333333
xception,typeB_7,gunsan,21.99,-1.0,23,0.7627796410035375,0.7344444444444443,0.7412881733528994,0.7627796410035375,0.7344444444444445,0.7412881733528994,0.6898222940226171,0.7116666666666667,0.7005742411812962,600,0.6160220994475138,0.7433333333333333,0.6737160120845922,600,0.9824945295404814,0.7483333333333333,0.8495742667928098,600,0.285,0.0033333333333333,0.2466666666666666,0.01,0.1783333333333333,0.0733333333333333
xception,typeB_7,yeosu,21.99,-1.0,6,0.82774633170918,0.7472222222222222,0.7266829652094389,0.82774633170918,0.7472222222222222,0.7266829652094389,0.918918918918919,0.9633333333333334,0.9406021155410904,600,0.5778947368421052,0.915,0.7083870967741935,600,0.986425339366516,0.3633333333333333,0.5310596833130329,600,0.0316666666666666,0.005,0.085,0.0,0.6366666666666667,0.0
xception,typeB_7,haeundae,21.99,-1.0,11,0.770333502192598,0.7583333333333333,0.7479996524555337,0.770333502192598,0.7583333333333333,0.7479996524555338,0.8363047001620746,0.86,0.847986852917009,600,0.6820448877805486,0.9116666666666666,0.7803138373751783,600,0.7926509186351706,0.5033333333333333,0.6156982670744139,600,0.0683333333333333,0.0716666666666666,0.0283333333333333,0.06,0.3566666666666667,0.14
xception,typeB_15,daesan,26.04,-1.0,14,0.8903031523045968,0.8855555555555554,0.8866245237532214,0.8903031523045968,0.8855555555555555,0.8866245237532214,0.8417818740399385,0.9133333333333332,0.8760991207034372,600,0.8401976935749588,0.85,0.8450704225352113,600,0.988929889298893,0.8933333333333333,0.9387040280210156,600,0.0866666666666666,0.0,0.14,0.01,0.075,0.0316666666666666
xception,typeB_15,gunsan,26.04,-1.0,18,0.2648974354341016,0.3066666666666667,0.2548917617119805,0.2648974354341016,0.3066666666666666,0.2548917617119805,0.268088347296268,0.5866666666666667,0.3680083638264506,600,0.0588235294117647,0.0066666666666666,0.0119760479041916,600,0.4677804295942721,0.3266666666666666,0.3846908734052993,600,0.0983333333333333,0.315,0.9366666666666666,0.0566666666666666,0.0083333333333333,0.665
xception,typeB_15,yeosu,26.04,-1.0,9,0.8141104910946915,0.7583333333333333,0.7451139883600767,0.8141104910946912,0.7583333333333333,0.7451139883600766,0.8888888888888888,0.9733333333333334,0.9291964996022276,600,0.5972382048331415,0.865,0.7066031313818925,600,0.9562043795620438,0.4366666666666666,0.5995423340961098,600,0.0266666666666666,0.0,0.115,0.02,0.5566666666666666,0.0066666666666666
xception,typeB_15,haeundae,26.04,-1.0,1,0.7303938990464486,0.6983333333333334,0.6735589171220419,0.7303938990464485,0.6983333333333334,0.6735589171220419,0.7815750371471025,0.8766666666666667,0.826394344069128,600,0.6025200458190149,0.8766666666666667,0.7141887304820095,600,0.8070866141732284,0.3416666666666667,0.4800936768149882,600,0.0833333333333333,0.04,0.0816666666666666,0.0416666666666666,0.495,0.1633333333333333
mobilenet,typeB_7,daesan,4.42,-1.0,4,0.9216542591763618,0.9194444444444444,0.918580485474057,0.921654259176362,0.9194444444444444,0.9185804854740572,0.8676691729323308,0.9616666666666668,0.9122529644268774,600,0.9319470699432892,0.8216666666666667,0.8733392382639504,600,0.9653465346534652,0.975,0.9701492537313432,600,0.035,0.0033333333333333,0.1466666666666666,0.0316666666666666,0.025,0.0
mobilenet,typeB_7,gunsan,4.42,-1.0,13,0.8073214945494974,0.7450000000000001,0.746924393824596,0.8073214945494975,0.745,0.7469243938245959,0.8885793871866295,0.5316666666666666,0.6652763295099061,600,0.577209797657082,0.9033333333333332,0.7043534762833008,600,0.9561752988047808,0.8,0.8711433756805808,600,0.465,0.0033333333333333,0.0633333333333333,0.0333333333333333,0.1966666666666666,0.0033333333333333
mobilenet,typeB_7,yeosu,4.42,-1.0,2,0.8387312658637806,0.7916666666666666,0.7825238184299472,0.8387312658637804,0.7916666666666666,0.7825238184299472,0.9329073482428116,0.9733333333333334,0.9526916802610114,600,0.6315179606025493,0.9083333333333332,0.7450444292549556,600,0.9517684887459807,0.4933333333333333,0.6498353457738749,600,0.0266666666666666,0.0,0.0666666666666666,0.025,0.5033333333333333,0.0033333333333333
mobilenet,typeB_7,haeundae,4.42,-1.0,15,0.6865851524528415,0.6944444444444445,0.6829873403113638,0.6865851524528415,0.6944444444444444,0.6829873403113638,0.8020679468242246,0.905,0.8504306969459671,600,0.6318051575931232,0.735,0.6795069337442219,600,0.6258823529411764,0.4433333333333333,0.5190243902439025,600,0.055,0.04,0.04,0.225,0.3733333333333333,0.1833333333333333
mobilenet,typeB_15,daesan,5.3,-1.0,1,0.9201576011818584,0.9177777777777776,0.9182536032840348,0.9201576011818584,0.9177777777777778,0.918253603284035,0.8833592534992224,0.9466666666666668,0.913917940466613,600,0.880672268907563,0.8733333333333333,0.8769874476987448,600,0.99644128113879,0.9333333333333332,0.963855421686747,600,0.0533333333333333,0.0,0.1233333333333333,0.0033333333333333,0.065,0.0016666666666666
efficientnet,typeB_15,haeundae,67.62,-1.0,3,0.7030357416245439,0.6961111111111111,0.6677062686226801,0.7030357416245439,0.6961111111111111,0.6677062686226802,0.7822706065318819,0.8383333333333334,0.8093322606596943,600,0.6339794754846066,0.9266666666666666,0.7528774542992552,600,0.6928571428571428,0.3233333333333333,0.4409090909090909,600,0.0666666666666666,0.095,0.025,0.0483333333333333,0.4683333333333333,0.2083333333333333
mobilenet,typeB_15,gunsan,5.3,-1.0,6,0.8201651124455891,0.8155555555555556,0.8134993156917588,0.8201651124455889,0.8155555555555556,0.8134993156917588,0.9038076152304608,0.7516666666666667,0.8207461328480437,600,0.7403035413153457,0.7316666666666667,0.7359597652975691,600,0.8163841807909604,0.9633333333333334,0.8837920489296636,600,0.245,0.0033333333333333,0.055,0.2133333333333333,0.0116666666666666,0.025
efficientnet,typeB_15,yeosu,67.62,-1.0,2,0.8126188927159445,0.7577777777777778,0.745563016804785,0.8126188927159446,0.7577777777777778,0.7455630168047851,0.9360655737704918,0.9516666666666668,0.943801652892562,600,0.5907590759075908,0.895,0.7117296222664016,600,0.9110320284697508,0.4266666666666667,0.5811577752553916,600,0.0483333333333333,0.0,0.0633333333333333,0.0416666666666666,0.5716666666666667,0.0016666666666666
mobilenet,typeB_15,yeosu,5.3,-1.0,10,0.7903102863956598,0.7000000000000001,0.6550942208451211,0.7903102863956598,0.7,0.6550942208451211,0.9276729559748428,0.9833333333333332,0.9546925566343042,600,0.530214424951267,0.9066666666666666,0.6691266912669127,600,0.9130434782608696,0.21,0.3414634146341463,600,0.0166666666666666,0.0,0.0733333333333333,0.02,0.7866666666666666,0.0033333333333333
efficientnet,typeB_15,gunsan,67.62,-1.0,23,0.232364409350202,0.2883333333333333,0.237794626691541,0.232364409350202,0.2883333333333333,0.237794626691541,0.2569018404907975,0.5583333333333333,0.351890756302521,600,0.0,0.0,0.0,600,0.4401913875598086,0.3066666666666666,0.3614931237721022,600,0.1,0.3416666666666667,0.9516666666666668,0.0483333333333333,0.03,0.6633333333333333
mobilenet,typeB_15,haeundae,5.3,-1.0,2,0.7379813724881171,0.7027777777777778,0.6720841597196477,0.7379813724881171,0.7027777777777777,0.6720841597196476,0.837386018237082,0.9183333333333332,0.875993640699523,600,0.5836065573770491,0.89,0.7049504950495049,600,0.7929515418502202,0.3,0.4353083434099153,600,0.0716666666666666,0.01,0.0416666666666666,0.0683333333333333,0.5633333333333334,0.1366666666666666
efficientnet,typeB_7,daesan,56.18,-1.0,6,0.9142102094776442,0.9122222222222222,0.911972788776994,0.9142102094776442,0.9122222222222224,0.911972788776994,0.859304084720121,0.9466666666666668,0.900872323552736,600,0.9003623188405797,0.8283333333333334,0.8628472222222222,600,0.9829642248722316,0.9616666666666668,0.9721988205560236,600,0.0533333333333333,0.0,0.155,0.0166666666666666,0.0383333333333333,0.0
efficientnet,typeB_7,gunsan,56.18,-1.0,5,0.4566105200945626,0.3938888888888889,0.3249172530338126,0.4566105200945626,0.3938888888888889,0.3249172530338126,0.3444148936170212,0.8633333333333333,0.4923954372623574,600,0.1354166666666666,0.0216666666666666,0.0373563218390804,600,0.89,0.2966666666666667,0.445,600,0.1133333333333333,0.0233333333333333,0.965,0.0133333333333333,0.025,0.6783333333333333
efficientnet,typeB_15,daesan,67.62,-1.0,10,0.917784929678944,0.9172222222222224,0.9173697191838656,0.917784929678944,0.9172222222222224,0.9173697191838656,0.896774193548387,0.9266666666666666,0.9114754098360656,600,0.8804713804713805,0.8716666666666667,0.8760469011725294,600,0.9761092150170648,0.9533333333333334,0.9645868465430016,600,0.0716666666666666,0.0016666666666666,0.1066666666666666,0.0216666666666666,0.0466666666666666,0.0
efficientnet,typeB_7,yeosu,56.18,-1.0,12,0.814939891476295,0.758888888888889,0.7474885534822432,0.8149398914762949,0.7588888888888888,0.7474885534822431,0.8865030674846626,0.9633333333333334,0.9233226837060704,600,0.5974625144175317,0.8633333333333333,0.7062031356509885,600,0.9608540925266904,0.45,0.6129398410896708,600,0.0366666666666666,0.0,0.1183333333333333,0.0183333333333333,0.545,0.005
efficientnet,typeB_7,haeundae,56.18,-1.0,1,0.74099055066797,0.7200000000000001,0.6998933359589098,0.74099055066797,0.72,0.6998933359589097,0.8290322580645161,0.8566666666666667,0.8426229508196721,600,0.6272727272727273,0.92,0.745945945945946,600,0.7666666666666667,0.3833333333333333,0.5111111111111111,600,0.085,0.0583333333333333,0.0216666666666666,0.0583333333333333,0.4616666666666666,0.155
efficientnet,base,haeundae,52.86,-1.0,1,0.7437637480096521,0.7227777777777779,0.6983580626342055,0.7437637480096521,0.7227777777777777,0.6983580626342055,0.8067349926793558,0.9183333333333332,0.8589243959469992,600,0.6318289786223278,0.8866666666666667,0.7378640776699029,600,0.7927272727272727,0.3633333333333333,0.4982857142857143,600,0.0533333333333333,0.0283333333333333,0.0466666666666666,0.0666666666666666,0.4633333333333333,0.1733333333333333
swin,base,daesan,86.75,-1.0,9,0.6850235384358578,0.6699999999999999,0.6717014785281118,0.6850235384358577,0.67,0.6717014785281117,0.6909871244635193,0.805,0.74364896073903,600,0.5242566510172144,0.5583333333333333,0.5407586763518967,600,0.8398268398268398,0.6466666666666666,0.7306967984934086,600,0.1883333333333333,0.0066666666666666,0.325,0.1166666666666666,0.3183333333333333,0.035
swin,base,gunsan,86.75,-1.0,3,0.5034564570781391,0.5094444444444445,0.4984906233137254,0.5034564570781391,0.5094444444444445,0.4984906233137255,0.4768211920529801,0.36,0.4102564102564102,600,0.4990654205607476,0.445,0.4704845814977973,600,0.5344827586206896,0.7233333333333334,0.6147308781869688,600,0.27,0.37,0.295,0.26,0.1766666666666666,0.1
swin,base,yeosu,86.75,-1.0,11,0.6512163033530243,0.6466666666666666,0.6403422436342283,0.6512163033530244,0.6466666666666666,0.6403422436342283,0.8823529411764706,0.8,0.8391608391608392,600,0.5044642857142857,0.3766666666666666,0.4312977099236641,600,0.5668316831683168,0.7633333333333333,0.6505681818181818,600,0.1433333333333333,0.0566666666666666,0.0966666666666666,0.5266666666666666,0.2266666666666666,0.01
swin,base,haeundae,86.75,-1.0,14,0.6547027126194543,0.5377777777777778,0.5170118555579241,0.6547027126194543,0.5377777777777778,0.517011855557924,0.6394849785407726,0.2483333333333333,0.3577430972388956,600,0.4307324840764331,0.9016666666666666,0.5829741379310345,600,0.8938906752411575,0.4633333333333333,0.610318331503842,600,0.7333333333333333,0.0183333333333333,0.0616666666666666,0.0366666666666666,0.4583333333333333,0.0783333333333333
swin,swin_21k,yeosu,86.75,-1.0,32,0.7795964313734518,0.6883333333333334,0.6513297641838854,0.7795964313734518,0.6883333333333334,0.6513297641838854,0.903481012658228,0.9516666666666668,0.926948051948052,600,0.519723865877712,0.8783333333333333,0.6530359355638166,600,0.9155844155844156,0.235,0.3740053050397878,600,0.0483333333333333,0.0,0.1,0.0216666666666666,0.7633333333333333,0.0016666666666666
swin,swin_21k,haeundae,86.75,-1.0,8,0.768999420361892,0.7344444444444446,0.7128278706224406,0.7689994203618921,0.7344444444444445,0.7128278706224406,0.8484375,0.905,0.8758064516129033,600,0.6209223847019123,0.92,0.7414372061786434,600,0.8376383763837638,0.37833333333333335,0.521239954075775,600,0.08166666666666667,0.013333333333333334,0.02,0.06,0.48,0.14166666666666666
